{"cameraMode":{"drawMode":0,"name":"Shaded","section":"Shading Mode"},"sceneLighting":false,"audioPlay":false,"sceneViewState":{"showFog":true,"showMaterialUpdate":true,"showSkybox":true,"showFlares":true,"showImageEffects":true,"showParticleSystems":true},"in2DMode":false,"pivot":{"x":0.0,"y":0.7660000324249268,"z":-15.34000015258789},"rotation":{"x":0.22732575237751008,"y":0.06507736444473267,"z":-0.015228032134473324,"w":0.9715225696563721},"size":2.8435587882995607,"orthographic":false}