{"cameraMode":{"drawMode":0,"name":"Shaded","section":"Shading Mode"},"sceneLighting":false,"audioPlay":false,"sceneViewState":{"showFog":true,"showMaterialUpdate":true,"showSkybox":true,"showFlares":true,"showImageEffects":true,"showParticleSystems":true},"in2DMode":false,"pivot":{"x":0.0,"y":2.240000009536743,"z":-15.34000015258789},"rotation":{"x":0.051310956478118899,"y":-0.9019835591316223,"z":0.11182545125484467,"w":0.4138695299625397},"size":2.8435587882995607,"orthographic":false}