{"cameraMode":{"drawMode":0,"name":"Shaded","section":"Shading Mode"},"sceneLighting":false,"audioPlay":false,"sceneViewState":{"showFog":true,"showMaterialUpdate":true,"showSkybox":true,"showFlares":true,"showImageEffects":true,"showParticleSystems":true},"in2DMode":false,"pivot":{"x":0.0415760800242424,"y":0.8722667694091797,"z":-13.832643508911133},"rotation":{"x":0.23417754471302033,"y":-0.6626178622245789,"z":0.23055964708328248,"w":0.6730087399482727},"size":0.34092244505882265,"orthographic":false}